<?xml version="1.0" encoding="UTF-8"?>
<project-private xmlns="http://www.netbeans.org/ns/project-private/1">
    <editor-bookmarks xmlns="http://www.netbeans.org/ns/editor-bookmarks/2" lastBookmarkId="0"/>
    <open-files xmlns="http://www.netbeans.org/ns/projectui-open-files/2">
        <group>
            <file>file:/C:/Users/Muskan/Documents/NetBeansProjects/LoginandRegistration/src/images/Admin_Report.java</file>
            <file>file:/C:/Users/Muskan/Documents/NetBeansProjects/LoginandRegistration/src/Login_Registration/User_Data.java</file>
            <file>file:/C:/Users/Muskan/Documents/NetBeansProjects/LoginandRegistration/src/Login_Registration/Registration.java</file>
            <file>file:/C:/Users/Muskan/Documents/NetBeansProjects/LoginandRegistration/src/Login_Registration/Admin_Reports.java</file>
            <file>file:/C:/Users/Muskan/Documents/NetBeansProjects/LoginandRegistration/src/Login_Registration/HomePage_User.java</file>
            <file>file:/C:/Users/Muskan/Documents/NetBeansProjects/LoginandRegistration/src/Login_Registration/User_Reports.java</file>
            <file>file:/C:/Users/Muskan/Documents/NetBeansProjects/LoginandRegistration/src/Login_Registration/HomePage_Main.java</file>
        </group>
    </open-files>
</project-private>
