<?xml version="1.0" encoding="UTF-8"?>
<project-private xmlns="http://www.netbeans.org/ns/project-private/1">
    <editor-bookmarks xmlns="http://www.netbeans.org/ns/editor-bookmarks/2" lastBookmarkId="0"/>
    <open-files xmlns="http://www.netbeans.org/ns/projectui-open-files/2">
        <group>
            <file>file:/C:/Users/dhanu/OneDrive/Documents/NetBeansProjects/DocumentManagement/src/documentmanagement/AP_RegisteredUser.java</file>
            <file>file:/C:/Users/dhanu/OneDrive/Documents/NetBeansProjects/DocumentManagement/src/documentmanagement/UserSignINForm.java</file>
            <file>file:/C:/Users/dhanu/OneDrive/Documents/NetBeansProjects/DocumentManagement/src/documentmanagement/UserorAdmin.java</file>
            <file>file:/C:/Users/dhanu/OneDrive/Documents/NetBeansProjects/DocumentManagement/src/documentmanagement/AP_DisplayUser.java</file>
            <file>file:/C:/Users/dhanu/OneDrive/Documents/NetBeansProjects/DocumentManagement/src/documentmanagement/UP_DocumentCheck.java</file>
            <file>file:/C:/Users/dhanu/OneDrive/Documents/NetBeansProjects/DocumentManagement/src/documentmanagement/AdminSignINForm.java</file>
            <file>file:/C:/Users/dhanu/OneDrive/Documents/NetBeansProjects/DocumentManagement/src/documentmanagement/UP_ViewDocuments.java</file>
            <file>file:/C:/Users/dhanu/OneDrive/Documents/NetBeansProjects/DocumentManagement/src/documentmanagement/RegisterForm.java</file>
        </group>
    </open-files>
</project-private>
